{"cameraMode":{"drawMode":0,"name":"Shaded","section":"Shading Mode"},"sceneLighting":false,"audioPlay":false,"sceneViewState":{"showFog":true,"showMaterialUpdate":false,"showSkybox":true,"showFlares":true,"showImageEffects":true,"showParticleSystems":true},"in2DMode":false,"pivot":{"x":-0.0017576217651367188,"y":1.8446340560913087,"z":0.03815048933029175},"rotation":{"x":-0.1433175802230835,"y":0.4233134984970093,"z":-0.06801410764455795,"w":-0.891993522644043},"size":7.084496974945068,"orthographic":true}