{"cameraMode":{"drawMode":0,"name":"Shaded","section":"Shading Mode"},"sceneLighting":false,"audioPlay":false,"sceneViewState":{"showFog":true,"showMaterialUpdate":false,"showSkybox":true,"showFlares":true,"showImageEffects":true,"showParticleSystems":true},"in2DMode":false,"pivot":{"x":-0.012603223323822022,"y":1.4203858375549317,"z":0.0531764030456543},"rotation":{"x":-0.1433175802230835,"y":0.4233134984970093,"z":-0.06801410764455795,"w":-0.891993522644043},"size":5.772952556610107,"orthographic":true}