{"cameraMode":{"drawMode":0,"name":"Shaded","section":"Shading Mode"},"sceneLighting":false,"audioPlay":false,"sceneViewState":{"showFog":true,"showMaterialUpdate":false,"showSkybox":true,"showFlares":true,"showImageEffects":true,"showParticleSystems":true},"in2DMode":false,"pivot":{"x":0.11135196685791016,"y":1.2560186386108399,"z":0.008668184280395508},"rotation":{"x":-0.1433175802230835,"y":0.4233134984970093,"z":-0.06801410764455795,"w":-0.891993522644043},"size":5.460404872894287,"orthographic":true}